{"zero_cost_scores": {"plain": 0.3410559953864593, "params": 0.6751571566331909, "flops": 0.7310921515729731, "synflow": 0.83229472048993, "grad_sign": 0.5480247035196271, "snip": 0.38737286217447364, "grad_norm": 0.3658008476430626, "epe_nas": -0.0039374171213855365, "grasp": -0.41628244249917357, "fisher": 0.3090660887225643, "l2_norm": 0.7889963423015812, "jacov": -0.0964280108466768, "zen": 0.8430049801493485, "nwot": 0.1365465750781712}, "zero_cost_scores_0": {"plain": 0.010825526032564814, "params": 0.6751571566331909, "flops": 0.7310921515729731, "synflow": 0.8394212582343239, "grad_sign": 0.43575484189821506, "snip": 0.06497638387580967, "grad_norm": 0.2844324597957575, "epe_nas": 0.06087167087906835, "grasp": -0.21766384158508972, "fisher": 0.21774467945263032, "l2_norm": 0.7674633312471907, "jacov": -0.017403478287157055, "zen": 0.841614569613853, "nwot": 0.11235569903583578}, "zero_cost_scores_1": {"plain": -0.02628326988884171, "params": 0.6751571566331909, "flops": 0.7310921515729731, "synflow": 0.8488464643114183, "grad_sign": 0.3486432575235639, "snip": 0.21562667966490925, "grad_norm": 0.2746515451792499, "epe_nas": -0.02026281559495832, "grasp": -0.21265592540981418, "fisher": 0.22265555016603208, "l2_norm": 0.7498607925315811, "jacov": -0.07370309475772455, "zen": 0.8420346497454221, "nwot": 0.1490142109135901}, "zero_cost_scores_2": {"plain": -0.008161160465116508, "params": 0.6751571566331909, "flops": 0.7310921515729731, "synflow": 0.8601003151129712, "grad_sign": 0.3139655935629827, "snip": 0.33203699625296945, "grad_norm": 0.38169341684783104, "epe_nas": 0.002649806836424214, "grasp": -0.300659661266905, "fisher": 0.349994212928315, "l2_norm": 0.7288510781272167, "jacov": -0.09071526986891908, "zen": 0.842287696693897, "nwot": 0.11257751149255035}, "zero_cost_scores_3": {"plain": -0.04563533651983165, "params": 0.6751571566331909, "flops": 0.7310921515729731, "synflow": 0.8671630361927277, "grad_sign": 0.18511489143416648, "snip": 0.24664118230185067, "grad_norm": 0.27085623732892444, "epe_nas": -0.006400473883751093, "grasp": -0.2919149845199392, "fisher": 0.2123844759998939, "l2_norm": 0.7144251030787098, "jacov": -0.1144853523014471, "zen": 0.8460516115017426, "nwot": 0.11723755496755152}, "zero_cost_scores_4": {"plain": 0.046108927519264424, "params": 0.6751571566331909, "flops": 0.7310921515729731, "synflow": 0.8725031829794353, "grad_sign": 0.10389711389350678, "snip": 0.20596444026201916, "grad_norm": 0.2118813945666163, "epe_nas": 0.019094642274573227, "grasp": -0.24334876437999128, "fisher": 0.15676052342088412, "l2_norm": 0.704896839033878, "jacov": -0.09686212271693022, "zen": 0.8508236710601381, "nwot": 0.1628705132265892}, "zero_cost_scores_5": {"plain": 0.03939668280517451, "params": 0.6751571566331909, "flops": 0.7310921515729731, "synflow": 0.8741137411890898, "grad_sign": 0.13277427813337245, "snip": 0.21469947505671277, "grad_norm": 0.24138205493285664, "epe_nas": -0.04047685784511426, "grasp": -0.3041163240832161, "fisher": 0.19980228726956697, "l2_norm": 0.6974943437620277, "jacov": -0.17540275848024348, "zen": 0.8515941482820142, "nwot": 0.14285602168912784}, "zero_cost_scores_6": {"plain": 0.08470128252392924, "params": 0.6751571566331909, "flops": 0.7310921515729731, "synflow": 0.8764856599542437, "grad_sign": 0.09784150602451445, "snip": 0.16984079923682135, "grad_norm": 0.24022511033196575, "epe_nas": 0.001249497160264104, "grasp": -0.2990370802077524, "fisher": 0.21011934114438796, "l2_norm": 0.692269225522387, "jacov": -0.1657572461782707, "zen": 0.8545829878971153, "nwot": 0.11231978729784732}, "zero_cost_scores_7": {"plain": 0.10204823747955036, "params": 0.6751571566331909, "flops": 0.7310921515729731, "synflow": 0.8753624866566266, "grad_sign": 0.15044681979364166, "snip": 0.22532094631315777, "grad_norm": 0.14568924377294573, "epe_nas": -0.09329410458935801, "grasp": -0.26485927903209444, "fisher": 0.18348979648394892, "l2_norm": 0.689032729683277, "jacov": -0.08460020644018688, "zen": 0.8539575053083097, "nwot": 0.030177830489634145}, "zero_cost_scores_8": {"plain": 0.013696721013725894, "params": 0.6751571566331909, "flops": 0.7310921515729731, "synflow": 0.8764650483606962, "grad_sign": 0.1861614849001546, "snip": 0.1795180216827133, "grad_norm": 0.26484724433160184, "epe_nas": -0.057973545048988995, "grasp": -0.256241122068873, "fisher": 0.22124373528339092, "l2_norm": 0.6881042566693237, "jacov": -0.12673823118717348, "zen": 0.8528788847628993, "nwot": 0.0512140228641711}, "zero_cost_scores_9": {"plain": 0.048191411945796, "params": 0.6751571566331909, "flops": 0.7310921515729731, "synflow": 0.8764512544480914, "grad_sign": 0.1703736359425367, "snip": 0.2320775059533747, "grad_norm": 0.2461869344902086, "epe_nas": -0.06740302721247515, "grasp": -0.24436514273429655, "fisher": 0.15582158605943755, "l2_norm": 0.6866630306281976, "jacov": -0.21343154495210484, "zen": 0.8577367995359559, "nwot": 0.1581062226534538}, "zero_cost_scores_11": {"plain": 0.02660928424741222, "params": 0.6725476997039981, "flops": 0.7811628356888652, "synflow": 0.8598828872715764, "grad_sign": 0.2350185797884012, "snip": 0.26084818546171196, "grad_norm": 0.276559498838133, "epe_nas": -0.10056486312781517, "grasp": -0.28632459257962284, "fisher": 0.18088484172772554, "l2_norm": 0.6820187940012823, "jacov": -0.28583430764677925, "zen": 0.8536866085051575, "nwot": -0.032618660060806166}, "zero_cost_scores_13": {"plain": -0.003198824932148978, "params": 0.6725476997039981, "flops": 0.7811628356888652, "synflow": 0.8623926099333956, "grad_sign": 0.27770908128634175, "snip": 0.29930351354387646, "grad_norm": 0.3236055381628092, "epe_nas": -0.14364928231288404, "grasp": -0.3018107787095447, "fisher": 0.2754540051787862, "l2_norm": 0.6806464131164136, "jacov": -0.19832669082012805, "zen": 0.8547284059292962, "nwot": 0.048454090101261255}, "zero_cost_scores_15": {"plain": -0.05028098912165026, "params": 0.6725476997039981, "flops": 0.7811628356888652, "synflow": 0.8648356335374902, "grad_sign": 0.2657225657090903, "snip": 0.2790219952912768, "grad_norm": 0.33807896070527244, "epe_nas": -0.13034613867633787, "grasp": -0.32068043299394955, "fisher": 0.2865208620677005, "l2_norm": 0.6785056736456925, "jacov": -0.18328018415003566, "zen": 0.852571742399773, "nwot": 0.042463277190699374}, "zero_cost_scores_17": {"plain": -0.045436526455590084, "params": 0.6725476997039981, "flops": 0.7811628356888652, "synflow": 0.8667275027177913, "grad_sign": 0.24632694453931353, "snip": 0.28184956216678453, "grad_norm": 0.3168484595426943, "epe_nas": -0.12543338759239456, "grasp": -0.30543432316820857, "fisher": 0.22470330181978737, "l2_norm": 0.6756576329802964, "jacov": -0.21432345432490296, "zen": 0.8517804531692453, "nwot": 0.02117981715827684}, "zero_cost_scores_19": {"plain": 0.03734446574013589, "params": 0.6725476997039981, "flops": 0.7811628356888652, "synflow": 0.8697709998306544, "grad_sign": 0.3409521581795011, "snip": 0.26554578280830665, "grad_norm": 0.29706058711295713, "epe_nas": -0.06766870376339394, "grasp": -0.32122877883393536, "fisher": 0.2480883736355891, "l2_norm": 0.6754084897060111, "jacov": -0.19423302477792748, "zen": 0.8521844692897079, "nwot": 0.15455127118414255}, "zero_cost_scores_21": {"plain": 0.04579677416300255, "params": 0.6725476997039981, "flops": 0.7811628356888652, "synflow": 0.8768881441689382, "grad_sign": 0.29786100407365285, "snip": 0.2920437806333483, "grad_norm": 0.2637640171202937, "epe_nas": -0.12451770389029503, "grasp": -0.3222758836474676, "fisher": 0.22920644365975404, "l2_norm": 0.6747182045055992, "jacov": -0.22767036345040073, "zen": 0.8560235323803197, "nwot": 0.09395904451238914}, "zero_cost_scores_23": {"plain": -0.01807608160583133, "params": 0.6725476997039981, "flops": 0.7811628356888652, "synflow": 0.8790873021868076, "grad_sign": 0.29443139332213525, "snip": 0.2832999254424721, "grad_norm": 0.2650656041894596, "epe_nas": -0.11284169581362338, "grasp": -0.24729593516123372,