{
    "zero_cost_scores": {
        "plain": 0.3400591846541626,
        "params": 0.6640033682845555,
        "flops": 0.7530084002920784,
        "synflow": 0.797177151663994,
        "grad_sign": 0.07157443264786456,
        "snip": 0.3367495041656402,
        "grad_norm": 0.35562401986062203,
        "epe_nas": 0.033780862500278105,
        "grasp": -0.22144241131220538,
        "fisher": 0.37550009861366274,
        "l2_norm": 0.7665700813617744,
        "jacov": 0.03217840488390937,
        "zen": 0.8095169085545402,
        "nwot": 0.22816531137680923
    },
    "zero_cost_scores_0": {
        "plain": -0.09992135033552227,
        "params": 0.6640033682845555,
        "flops": 0.7530084002920784,
        "synflow": 0.8074852233664979,
        "grad_sign": -0.03622476002989154,
        "snip": 0.1995766582297619,
        "grad_norm": 0.3302949546236855,
        "epe_nas": -0.019066338894816716,
        "grasp": -0.2416317039194605,
        "fisher": 0.4192173956526359,
        "l2_norm": 0.7343447575113328,
        "jacov": 0.16931652140797318,
        "zen": 0.8097441858766051,
        "nwot": 0.1471789556808304
    },
    "zero_cost_scores_1": {
        "plain": 0.021080284142341033,
        "params": 0.6640033682845555,
        "flops": 0.7530084002920784,
        "synflow": 0.8146285909413246,
        "grad_sign": -0.0820202679569429,
        "snip": 0.2793934658207123,
        "grad_norm": 0.3155004055095884,
        "epe_nas": -0.006090846407843797,
        "grasp": -0.23438930522849413,
        "fisher": 0.4276761892876204,
        "l2_norm": 0.7065213415286579,
        "jacov": 0.024162366169844848,
        "zen": 0.8070394751525554,
        "nwot": 0.16544796065476902
    },
    "zero_cost_scores_2": {
        "plain": -0.035549321656191894,
        "params": 0.6640033682845555,
        "flops": 0.7530084002920784,
        "synflow": 0.8258782155863537,
        "grad_sign": -0.0930603981541731,
        "snip": 0.4396640032685059,
        "grad_norm": 0.4036211489013267,
        "epe_nas": 0.02191963235684717,
        "grasp": -0.3230225148111808,
        "fisher": 0.4683326458604177,
        "l2_norm": 0.6879169074173505,
        "jacov": 0.08814400452426205,
        "zen": 0.808206570921132,
        "nwot": 0.13395855412258864
    },
    "zero_cost_scores_3": {
        "plain": 0.03832522226489546,
        "params": 0.6640033682845555,
        "flops": 0.7530084002920784,
        "synflow": 0.831254710811206,
        "grad_sign": -0.16273445037050888,
        "snip": 0.3573616444920276,
        "grad_norm": 0.3316803804640425,
        "epe_nas": 0.16436680485333052,
        "grasp": -0.25322772108834996,
        "fisher": 0.382049928639536,
        "l2_norm": 0.6762802463781443,
        "jacov": 0.10273129514438455,
        "zen": 0.814507272414488,
        "nwot": 0.19335677564801146
    },
    "zero_cost_scores_4": {
        "plain": 0.06937039526153034,
        "params": 0.6640033682845555,
        "flops": 0.7530084002920784,
        "synflow": 0.8349568011958375,
        "grad_sign": -0.22755731225554265,
        "snip": 0.3078061277635493,
        "grad_norm": 0.25588839794757573,
        "epe_nas": 0.09521026775593276,
        "grasp": -0.21708457337303383,
        "fisher": 0.33583799234465356,
        "l2_norm": 0.6690647151968372,
        "jacov": 0.14804394523676961,
        "zen": 0.813488110236008,
        "nwot": 0.25218681245574315
    },
    "zero_cost_scores_5": {
        "plain": 0.08667058308179995,
        "params": 0.6640033682845555,
        "flops": 0.7530084002920784,
        "synflow": 0.8357143928406828,
        "grad_sign": -0.2092229236641382,
        "snip": 0.29723778382317956,
        "grad_norm": 0.23550461342140538,
        "epe_nas": 0.12889938402188486,
        "grasp": -0.2306944997256762,
        "fisher": 0.32659607391470463,
        "l2_norm": 0.6646303138710798,
        "jacov": 0.03289647063535011,
        "zen": 0.8176265361902584,
        "nwot": 0.18516517849499295
    },
    "zero_cost_scores_6": {
        "plain": 0.08873249314522584,
        "params": 0.6640033682845555,
        "flops": 0.7530084002920784,
        "synflow": 0.8365342305548862,
        "grad_sign": -0.2180324735393172,
        "snip": 0.2543436784291456,
        "grad_norm": 0.24357586576941376,
        "epe_nas": 0.10307527139556438,
        "grasp": -0.24114318407269159,
        "fisher": 0.339354354306809,
        "l2_norm": 0.6621280290956434,
        "jacov": -0.022271614765267723,
        "zen": 0.8152378162308175,
        "nwot": 0.14897031533155433
    },
    "zero_cost_scores_7": {
        "plain": 0.03517984831866437,
        "params": 0.6640033682845555,
        "flops": 0.7530084002920784,
        "synflow": 0.8363612326436985,
        "grad_sign": -0.19882476466079058,
        "snip": 0.20581017291708434,
        "grad_norm": 0.17510659596271994,
        "epe_nas": 0.1346445952450665,
        "grasp": -0.18463713275481938,
        "fisher": 0.26069811494181994,
        "l2_norm": 0.6618394828610354,
        "jacov": 0.0453009654304662,
        "zen": 0.8167395477337928,
        "nwot": 0.1887693557403968
    },
    "zero_cost_scores_8": {
        "plain": 0.01158036549212158,
        "params": 0.6640033682845555,
        "flops": 0.7530084002920784,
        "synflow": 0.8370992055969267,
        "grad_sign": -0.19325511187656297,
        "snip": 0.18874890758203874,
        "grad_norm": 0.15338300626695617,
        "epe_nas": -0.039863450304481705,
        "grasp": -0.22656011291381756,
        "fisher": 0.28958065176163567,
        "l2_norm": 0.663941531901979,
        "jacov": -0.03327395013011834,
        "zen": 0.8161920275570879,
        "nwot": 0.15329425332565258
    },
    "zero_cost_scores_9": {
        "plain": 0.1258707485035285,
        "params": 0.6640033682845555,
        "flops": 0.7530084002920784,
        "synflow": 0.8367110872896091,
        "grad_sign": -0.1776872112495385,
        "snip": 0.17188152108179525,
        "grad_norm": 0.18899558377810396,
        "epe_nas": 0.0818401654827982,
        "grasp": -0.2213855387447792,
        "fisher": 0.1928122487643289,
        "l2_norm": 0.6672271578550081,
        "jacov": -0.003251148987614013,
        "zen": 0.820850096392786,
        "nwot": 0.16056795537015475
    },
    "zero_cost_scores_11": {
        "plain": NaN,
        "params": NaN,
        "flops": NaN,
        "synflow": NaN,
        "grad_sign": NaN,
        "snip": NaN,
        "grad_norm": NaN,
        "epe_nas": NaN,
        "grasp": NaN,
        "fisher": NaN,
        "l2_norm": NaN,
        "jacov": NaN,
        "zen": NaN,
        "nwot": NaN
    },
    "zero_cost_scores_13": {
        "plain": NaN,
        "params": NaN,
        "flops": NaN,
        "synflow": NaN,
        "grad_sign": NaN,
        "snip": NaN,
        "grad_norm": NaN,
        "epe_nas": NaN,
        "grasp": NaN,
        "fisher": NaN,
        "l2_norm": NaN,
        "jacov": NaN,
        "zen": NaN,
        "nwot": NaN
    },
    "zero_cost_scores_15": {
        "plain": NaN,
        "params": NaN,
        "flops": NaN,
        "synflow": NaN,
        "grad_sign": NaN,
        "snip": NaN,
        "grad_norm": NaN,
        "epe_nas": NaN,
        "grasp": NaN,
        "fisher": NaN,
        "l2_norm": NaN,
        "jacov": NaN,
        "zen": NaN,
        "nwot": NaN
    },
    "zero_cost_scores_17": {
        "plain": NaN,
        "params": NaN,
        "flops": NaN,
        "synflow": NaN,
        "grad_sign": NaN,
        "snip": NaN,
        "grad_norm": NaN,
        "epe_nas": NaN,
        "grasp": NaN,
        "fisher": NaN,
        "l2_norm": NaN,
        "jacov": NaN,
        "zen": NaN,
        "nwot": NaN
    },
    "zero_cost_scores_19": {
        "plain": NaN,
        "params": NaN,
        "flops": NaN,
        "synflow": NaN,
        "grad_sign": NaN,
        "snip": NaN,
        "grad_norm": NaN,
        "epe_nas": NaN,
        "grasp": NaN,
        "fisher": NaN,