{
    "zero_cost_scores": {
        "plain": 0.27755459477762845,
        "params": 0.6159045982971776,
        "flops": 0.7240092581139029,
        "synflow": 0.7639977842103423,
        "grad_sign": 0.12193407488168873,
        "snip": 0.2629325970335309,
        "grad_norm": 0.2674986611923305,
        "epe_nas": 0.03191066386922894,
        "grasp": -0.14460840621309884,
        "fisher": 0.2955994884018865,
        "l2_norm": 0.7325165757182062,
        "jacov": 0.018421115220734842,
        "zen": 0.7825271394827026,
        "nwot": 0.2067138679698199
    },
    "zero_cost_scores_0": {
        "plain": -0.07673712849362439,
        "params": 0.6159045982971776,
        "flops": 0.7240092581139029,
        "synflow": 0.7757560761582137,
        "grad_sign": -0.002669040362415028,
        "snip": 0.10436915440592462,
        "grad_norm": 0.2581472966108878,
        "epe_nas": -0.027512412866466857,
        "grasp": -0.17112752018941632,
        "fisher": 0.3294861395087473,
        "l2_norm": 0.6976581003007234,
        "jacov": 0.13711877541497242,
        "zen": 0.7839202187915485,
        "nwot": 0.12232059920645483
    },
    "zero_cost_scores_1": {
        "plain": 0.01191775790225472,
        "params": 0.6159045982971776,
        "flops": 0.7240092581139029,
        "synflow": 0.7850073105332596,
        "grad_sign": -0.03643252950473465,
        "snip": 0.19905680425694608,
        "grad_norm": 0.2797417426783709,
        "epe_nas": -0.0012556110601445675,
        "grasp": -0.19344690532986797,
        "fisher": 0.3788643639767427,
        "l2_norm": 0.6679036942540972,
        "jacov": 0.026457677847871695,
        "zen": 0.7830139408366511,
        "nwot": 0.1586159883525546
    },
    "zero_cost_scores_2": {
        "plain": -0.014492824345827002,
        "params": 0.6159045982971776,
        "flops": 0.7240092581139029,
        "synflow": 0.7973980161735053,
        "grad_sign": -0.03686931810670836,
        "snip": 0.3457876992447397,
        "grad_norm": 0.3391926494551575,
        "epe_nas": 0.029428684114822464,
        "grasp": -0.2533372805043872,
        "fisher": 0.388958466544877,
        "l2_norm": 0.6461387371280896,
        "jacov": 0.05797276402828416,
        "zen": 0.7858102171774299,
        "nwot": 0.12268825632053999
    },
    "zero_cost_scores_3": {
        "plain": 0.04416638385148363,
        "params": 0.6159045982971776,
        "flops": 0.7240092581139029,
        "synflow": 0.8046750196635448,
        "grad_sign": -0.1082486295418729,
        "snip": 0.2505218472452778,
        "grad_norm": 0.2655605532298854,
        "epe_nas": 0.14244680690570657,
        "grasp": -0.18666052174444547,
        "fisher": 0.30798003616766756,
        "l2_norm": 0.632133327796006,
        "jacov": 0.07101858919794196,
        "zen": 0.7912622073287415,
        "nwot": 0.1559043247521905
    },
    "zero_cost_scores_4": {
        "plain": 0.05612750736753959,
        "params": 0.6159045982971776,
        "flops": 0.7240092581139029,
        "synflow": 0.8089423590221386,
        "grad_sign": -0.16892592311964952,
        "snip": 0.20391366246904324,
        "grad_norm": 0.18902889988674804,
        "epe_nas": 0.07251478435436083,
        "grasp": -0.15312036098652018,
        "fisher": 0.24342467977873455,
        "l2_norm": 0.624448578895866,
        "jacov": 0.09475649163126042,
        "zen": 0.791556973921646,
        "nwot": 0.18861077932144615
    },
    "zero_cost_scores_5": {
        "plain": 0.0883203201269828,
        "params": 0.6159045982971776,
        "flops": 0.7240092581139029,
        "synflow": 0.8087280115748823,
        "grad_sign": -0.1439147917797445,
        "snip": 0.19052743081109189,
        "grad_norm": 0.18240540442731962,
        "epe_nas": 0.12146395179328158,
        "grasp": -0.18864949150612548,
        "fisher": 0.24171042529579873,
        "l2_norm": 0.6193431515204022,
        "jacov": 0.008624995076954122,
        "zen": 0.7954793729437682,
        "nwot": 0.16451937923541732
    },
    "zero_cost_scores_6": {
        "plain": 0.058774566162040326,
        "params": 0.6159045982971776,
        "flops": 0.7240092581139029,
        "synflow": 0.8103709798692855,
        "grad_sign": -0.16058670653230908,
        "snip": 0.15957930250096922,
        "grad_norm": 0.17047551501723743,
        "epe_nas": 0.07550186939586503,
        "grasp": -0.17289468253186246,
        "fisher": 0.2340267990128011,
        "l2_norm": 0.6157365085634756,
        "jacov": -0.018281657200903082,
        "zen": 0.7937300167008711,
        "nwot": 0.10666378384467291
    },
    "zero_cost_scores_7": {
        "plain": 0.021558739599668454,
        "params": 0.6159045982971776,
        "flops": 0.7240092581139029,
        "synflow": 0.8105086815364916,
        "grad_sign": -0.15798440756967333,
        "snip": 0.11468758122849877,
        "grad_norm": 0.10764639976524291,
        "epe_nas": 0.1353154901499653,
        "grasp": -0.11596173357821847,
        "fisher": 0.16481967932096778,
        "l2_norm": 0.6147519371162707,
        "jacov": 0.019176817624746576,
        "zen": 0.7956852645490016,
        "nwot": 0.15958833775829148
    },
    "zero_cost_scores_8": {
        "plain": 0.024995124992263983,
        "params": 0.6159045982971776,
        "flops": 0.7240092581139029,
        "synflow": 0.8105392094800694,
        "grad_sign": -0.14177198725612075,
        "snip": 0.11053891336587704,
        "grad_norm": 0.15055764333151256,
        "epe_nas": -0.03973813000025865,
        "grasp": -0.20100278864611498,
        "fisher": 0.23714740306732005,
        "l2_norm": 0.6156444901712677,
        "jacov": -0.07457996533461678,
        "zen": 0.7955918157252738,
        "nwot": 0.11693431837142063
    },
    "zero_cost_scores_9": {
        "plain": 0.11009334300077446,
        "params": 0.6159045982971776,
        "flops": 0.7240092581139029,
        "synflow": 0.8103230875734592,
        "grad_sign": -0.13664595442407826,
        "snip": 0.10870589685332854,
        "grad_norm": 0.12884106738299012,
        "epe_nas": 0.08690077900439357,
        "grasp": -0.15612372397658694,
        "fisher": 0.1330386958383962,
        "l2_norm": 0.6181581023796661,
        "jacov": -0.01138029589204099,
        "zen": 0.7993634109751979,
        "nwot": 0.13900920836232827
    }
}