{"zero_cost_scores": {"plain": 0.24901951109745654, "params": 0.6163553946793561, "flops": 0.7241332601788909, "synflow": 0.7598567729950526, "grad_sign": 0.4979138686431481, "snip": 0.24683752688971802, "grad_norm": 0.2652581754247398, "epe_nas": 0.009039986770639226, "grasp": -0.42444229759776153, "fisher": 0.24048604723724418, "l2_norm": 0.7325268574038314, "jacov": -0.04653229607065131, "zen": 0.7827217608089581, "nwot": 0.12138044801470842}, "zero_cost_scores_0": {"plain": -0.054386069055742246, "params": 0.6163553946793561, "flops": 0.7241332601788909, "synflow": 0.7757076812590454, "grad_sign": 0.39874487685901433, "snip": 0.08925627881354521, "grad_norm": 0.23549647331905924, "epe_nas": 0.01412621161509699, "grasp": 0.09054338447778612, "fisher": 0.25874451176885505, "l2_norm": 0.6977184131413249, "jacov": 0.07253600227337655, "zen": 0.7825325862443124, "nwot": 0.10941357259985207}, "zero_cost_scores_1": {"plain": 0.0002697057237690533, "params": 0.6163553946793561, "flops": 0.7241332601788909, "synflow": 0.784972667809609, "grad_sign": 0.3393481225613883, "snip": 0.19551809844982576, "grad_norm": 0.29682317398897645, "epe_nas": -0.03731190758735923, "grasp": 0.11493639223312, "fisher": 0.28707628677020786, "l2_norm": 0.6679613082922994, "jacov": 0.05088532121244337, "zen": 0.7851106395946361, "nwot": 0.15754596638490168}, "zero_cost_scores_2": {"plain": -0.05654997072063717, "params": 0.6163553946793561, "flops": 0.7241332601788909, "synflow": 0.7973215121529075, "grad_sign": 0.2980766746084911, "snip": 0.30412484349246954, "grad_norm": 0.33818734229864805, "epe_nas": 0.009337156704550905, "grasp": 0.07790404759925428, "fisher": 0.3574672451452044, "l2_norm": 0.6462534049073526, "jacov": 0.06463650912013867, "zen": 0.7871610701482072, "nwot": 0.08725919446563123}, "zero_cost_scores_3": {"plain": -0.04992662192949772, "params": 0.6163553946793561, "flops": 0.7241332601788909, "synflow": 0.8045858627494352, "grad_sign": 0.19786264525858205, "snip": 0.23537505165799072, "grad_norm": 0.26564275847951524, "epe_nas": 0.015707598180782285, "grasp": 0.06717621398102064, "fisher": 0.26261482496185595, "l2_norm": 0.6322794934360583, "jacov": 0.012048111644221541, "zen": 0.7864872024648489, "nwot": 0.09321365142767446}, "zero_cost_scores_4": {"plain": 0.02891627562102641, "params": 0.6163553946793561, "flops": 0.7241332601788909, "synflow": 0.8088199361288323, "grad_sign": 0.14555412155644773, "snip": 0.20339148639664537, "grad_norm": 0.19115724895749123, "epe_nas": 0.043592586000429936, "grasp": 0.07722630379753968, "fisher": 0.22043389541490932, "l2_norm": 0.624602399334185, "jacov": 0.0022818438336714778, "zen": 0.7929185481839202, "nwot": 0.16125423980215145}, "zero_cost_scores_5": {"plain": 0.05989778315920789, "params": 0.6163553946793561, "flops": 0.7241332601788909, "synflow": 0.8086323500288445, "grad_sign": 0.15368405445308242, "snip": 0.13960496496090102, "grad_norm": 0.19335349367508947, "epe_nas": 0.017961952420563955, "grasp": 0.06496915218893966, "fisher": 0.2177039001854189, "l2_norm": 0.619477684098796, "jacov": -0.006193370080451482, "zen": 0.7933287136198474, "nwot": 0.14478675829264387}, "zero_cost_scores_6": {"plain": 0.04784765232774959, "params": 0.6163553946793561, "flops": 0.7241332601788909, "synflow": 0.8101676174101764, "grad_sign": 0.13850198393281343, "snip": 0.12961115998860706, "grad_norm": 0.1684363445756956, "epe_nas": 0.05080331739621647, "grasp": 0.06063822993600728, "fisher": 0.17401910883005525, "l2_norm": 0.6158764636620102, "jacov": 0.024810240346589695, "zen": 0.7967757006029671, "nwot": 0.10120519788476023}, "zero_cost_scores_7": {"plain": 0.1056067916909797, "params": 0.6163553946793561, "flops": 0.7241332601788909, "synflow": 0.8103251681000173, "grad_sign": 0.14936508506745344, "snip": 0.1395175629990807, "grad_norm": 0.09445790344850634, "epe_nas": -0.052834389190232006, "grasp": 0.06692459080009519, "fisher": 0.16995284433279997, "l2_norm": 0.6148698447391061, "jacov": 0.026254175562372514, "zen": 0.7954823751208987, "nwot": 0.05111729337472522}, "zero_cost_scores_8": {"plain": 0.01552006804093891, "params": 0.6163553946793561, "flops": 0.7241332601788909, "synflow": 0.8103347231824769, "grad_sign": 0.1842909306450125, "snip": 0.053642160815108385, "grad_norm": 0.18136990588015733, "epe_nas": -0.026108427191578437, "grasp": 0.08909633033886077, "fisher": 0.17561767412556847, "l2_norm": 0.6157709250719738, "jacov": -0.0201301068724403, "zen": 0.7956570708737944, "nwot": 0.07942698351567586}, "zero_cost_scores_9": {"plain": -0.004972537025874679, "params": 0.6163553946793561, "flops": 0.7241332601788909, "synflow": 0.810104698093602, "grad_sign": 0.17709754005709138, "snip": 0.09170751803361601, "grad_norm": 0.14751743860351815, "epe_nas": -0.0328583674241139, "grasp": 0.06663350332576529, "fisher": 0.07945155630320909, "l2_norm": 0.6183019402163547, "jacov": -0.09217870979808314, "zen": 0.7995466925447469, "nwot": 0.12066497065150662}, "zero_cost_scores_11": {"plain": 0.011038391826632412, "params": 0.6163553946793561, "flops": 0.7241332601788909, "synflow": 0.7952328792979547, "grad_sign": 0.19814592641082696, "snip": 0.12330965522024336, "grad_norm": 0.20314918392823253, "epe_nas": -0.06547390863031684, "grasp": 0.09927572025236324, "fisher": 0.1269070896809602, "l2_norm": 0.6266699388938964, "jacov": -0.09647047424138809, "zen": 0.7959214942595244, "nwot": -0.020299448173467217}, "zero_cost_scores_13": {"plain": -0.023392212024192977, "params": 0.6163553946793561, "flops": 0.7241332601788909, "synflow": 0.7941502884552671, "grad_sign": 0.21792756319322773, "snip": 0.15179290532126916, "grad_norm": 0.2440945331423909, "epe_nas": -0.08660426732413505, "grasp": 0.04643171530641953, "fisher": 0.19661698701806746, "l2_norm": 0.6293848803613984, "jacov": -0.03699334908035553, "zen": 0.7940129656947089, "nwot": 0.018083768778715023}, "zero_cost_scores_15": {"plain": -0.060940044342532536, "params": 0.6163553946793561, "flops": 0.7241332601788909, "synflow": 0.7868396588084108, "grad_sign": 0.21488706187628975, "snip": 0.11289438096918779, "grad_norm": 0.2443274608129187, "epe_nas": -0.07855487581639038, "grasp": 0.016897424163280612, "fisher": 0.17077175095651398, "l2_norm": 0.6252152587174608, "jacov": -0.04604237273887164, "zen": 0.7945303103103024, "nwot": 0.04340645000046591}, "zero_cost_scores_17": {"plain": -0.0459555296592329, "params": 0.6163553946793561, "flops": 0.7241332601788909, "synflow": 0.7871168463420304, "grad_sign": 0.20083943204239563, "snip": 0.1300825680945638, "grad_norm": 0.19154433796785522, "epe_nas": -0.10393198453659933, "grasp": 0.053950339267120964, "fisher": 0.1243952748437862, "l2_norm": 0.6206602247097041, "jacov": -0.04882629108465838, "zen": 0.7929212524525409, "nwot": 0.04569871428255575}, "zero_cost_scores_19": {"plain": 0.04381472244835856, "params": 0.6163553946793561, "flops": 0.7241332601788909, "synflow": 0.7911614586618627, "grad_sign": 0.27195183520001687, "snip": 0.11785399159105564, "grad_norm": 0.19430703681919836, "epe_nas": -0.09182900845685088, "grasp": 0.04710031868019621, "fisher": 0.11782826498224423, "l2_norm": 0.61870071166716, "jacov": -0.05359564739483271, "zen": 0.7919891631728226, "nwot": 0.11774499153718479}, "zero_cost_scores_21": {"plain": 0.025058059522988722, "params": 0.6163553946793561, "flops": 0.7241332601788909, "synflow": 0.7963630832968239, "grad_sign": 0.22587619995711083, "snip": 0.1314211269764275, "grad_norm": 0.16026860600374382, "epe_nas": -0.1296089344277227, "grasp": 0.024501611183140336, "fisher": 0.10514338822014013, "l2_norm": 0.6168540387399282, "jacov": -0.13280993116926343, "zen": 0.7980742543377021, "nwot": 0.10694791061380429}, "zero_cost_scores_23": {"plain": -0.01189586132087731, "params": 0.6163553946793561, "flops": 0.7241332601788909, "synflow": 0.8007092395963195, "grad_sign": 0.20794621392062515, "snip": 0.14961122759730763, "grad_norm": 0.14987112584021237, "epe_nas": -0.09586458853959426,