{
    "synflow": -0.06959758882319306,
    "flops": 0.053282999725443786,
    "fisher": 0.009228450785109851,
    "snip": -0.1151877769782507,
    "grad_norm": -0.02035936631693076,
    "jacov": 0.07279061787414456,
    "l2_norm": 0.13043672880101914,
    "grasp": -0.06111517286307188,
    "epe_nas": 0.048733701595468575,
    "zen": -0.02578296355160845,
    "params": -0.10125859831921466
}