{
    "zero_cost_scores": {
        "plain": 0.15432233436097176,
        "params": 0.2432746327774387,
        "flops": 0.2903763975926893,
        "synflow": 0.30690565554165883,
        "grad_sign": -0.2961703043531821,
        "snip": 0.279723635669941,
        "grad_norm": 0.15331286585571816,
        "epe_nas": 0.05838622931637511,
        "grasp": -0.14222570378334323,
        "fisher": 0.1996366654048499,
        "l2_norm": 0.29488047633859293,
        "jacov": 0.06294757179188319,
        "zen": 0.2644876391303005,
        "nwot": 0.08018979053580318
    },
    "zero_cost_scores_0": {
        "plain": 0.022796691757937124,
        "params": 0.2432746327774387,
        "flops": 0.2903763975926893,
        "synflow": 0.28157178646807896,
        "grad_sign": -0.3640950743341101,
        "snip": 0.083993269193923,
        "grad_norm": 0.130157828027185,
        "epe_nas": -0.06879133573705631,
        "grasp": -0.10488974649969636,
        "fisher": 0.2272053504895209,
        "l2_norm": 0.297595846411529,
        "jacov": 0.11692647119926172,
        "zen": 0.2746593016582589,
        "nwot": 0.06539630624754901
    },
    "zero_cost_scores_1": {
        "plain": 0.07881500509414256,
        "params": 0.2432746327774387,
        "flops": 0.2903763975926893,
        "synflow": 0.2846500772422995,
        "grad_sign": -0.3726934194724061,
        "snip": 0.05576060914075551,
        "grad_norm": 0.12980579930373018,
        "epe_nas": -0.05531120613550343,
        "grasp": -0.048034275747502686,
        "fisher": 0.16157748079331316,
        "l2_norm": 0.29146998024056747,
        "jacov": 0.055957100420802715,
        "zen": 0.28660148399026275,
        "nwot": 0.10259066781941019
    },
    "zero_cost_scores_2": {
        "plain": -0.06049644110109486,
        "params": 0.2432746327774387,
        "flops": 0.2903763975926893,
        "synflow": 0.2837057427644674,
        "grad_sign": -0.3624479894467078,
        "snip": 0.2015037682444115,
        "grad_norm": 0.2636126577434103,
        "epe_nas": -0.09935248281065008,
        "grasp": -0.18462643075778537,
        "fisher": 0.25387130845166905,
        "l2_norm": 0.29007275732457777,
        "jacov": 0.09374202503058846,
        "zen": 0.28185149245874486,
        "nwot": 0.06619860933448231
    },
    "zero_cost_scores_3": {
        "plain": 0.04966284427259455,
        "params": 0.2432746327774387,
        "flops": 0.2903763975926893,
        "synflow": 0.28308729626329887,
        "grad_sign": -0.40308661224786635,
        "snip": 0.10503700603995346,
        "grad_norm": 0.14054921055580083,
        "epe_nas": 0.07727749350370673,
        "grasp": -0.1418701896269829,
        "fisher": 0.15831184800042228,
        "l2_norm": 0.2840571179692525,
        "jacov": 0.06358823792782424,
        "zen": 0.2805668925935139,
        "nwot": 0.02372338123168522
    },
    "zero_cost_scores_4": {
        "plain": -0.006028709728720865,
        "params": 0.2432746327774387,
        "flops": 0.2903763975926893,
        "synflow": 0.28345217752059276,
        "grad_sign": -0.35793086840118815,
        "snip": 0.1201624778124559,
        "grad_norm": 0.10854770833401185,
        "epe_nas": 0.1262186353253075,
        "grasp": -0.12409339261118282,
        "fisher": 0.10730841909655228,
        "l2_norm": 0.28123478867402907,
        "jacov": 0.06422803270553888,
        "zen": 0.2838445065620174,
        "nwot": 0.08247187773067507
    },
    "zero_cost_scores_5": {
        "plain": 0.061155405759789734,
        "params": 0.2432746327774387,
        "flops": 0.2903763975926893,
        "synflow": 0.2833199489097406,
        "grad_sign": -0.37850276476763745,
        "snip": 0.14179655985685433,
        "grad_norm": 0.11824026156507621,
        "epe_nas": -0.016555806301094336,
        "grasp": -0.15651358246074423,
        "fisher": 0.11158330255514012,
        "l2_norm": 0.2786764809213968,
        "jacov": -0.03884602108995193,
        "zen": 0.2708804388700341,
        "nwot": 0.026537214784201478
    },
    "zero_cost_scores_6": {
        "plain": 0.12255697021852996,
        "params": 0.2432746327774387,
        "flops": 0.2903763975926893,
        "synflow": 0.28153976405325976,
        "grad_sign": -0.41971234504662713,
        "snip": 0.12179540312867962,
        "grad_norm": 0.10521040632700178,
        "epe_nas": 0.04589117018973736,
        "grasp": -0.17231108926533711,
        "fisher": 0.09102382304341666,
        "l2_norm": 0.2740706991763437,
        "jacov": 0.0925258267861278,
        "zen": 0.29745817181176193,
        "nwot": -0.0024633297059575626
    },
    "zero_cost_scores_7": {
        "plain": 0.03137957028771498,
        "params": 0.2432746327774387,
        "flops": 0.2903763975926893,
        "synflow": 0.28248322717286556,
        "grad_sign": -0.3629150374560439,
        "snip": 0.08427275734503226,
        "grad_norm": 0.13858996158380027,
        "epe_nas": 0.08162317481818739,
        "grasp": -0.1182502821846795,
        "fisher": 0.09974568321030108,
        "l2_norm": 0.272305980928381,
        "jacov": -0.15104864150448694,
        "zen": 0.2950741357044044,
        "nwot": 0.02331972453331775
    },
    "zero_cost_scores_8": {
        "plain": 0.12302292903008312,
        "params": 0.2432746327774387,
        "flops": 0.2903763975926893,
        "synflow": 0.2769243973677165,
        "grad_sign": -0.37178045389072334,
        "snip": 0.15187599614042846,
        "grad_norm": 0.11724517047055778,
        "epe_nas": 0.10386568274415105,
        "grasp": -0.1289568785516859,
        "fisher": 0.10723892827799901,
        "l2_norm": 0.27156249452172787,
        "jacov": -0.000967425470831052,
        "zen": 0.29866783486952486,
        "nwot": 0.06353726347158138
    },
    "zero_cost_scores_9": {
        "plain": 0.026208712732858706,
        "params": 0.2432746327774387,
        "flops": 0.2903763975926893,
        "synflow": 0.27646344886596497,
        "grad_sign": -0.3999693281930156,
        "snip": 0.16849519375249145,
        "grad_norm": 0.1309278908597425,
        "epe_nas": 0.10863026952596072,
        "grasp": -0.1364013275587069,
        "fisher": 0.04523394824749522,
        "l2_norm": 0.2699598489038706,
        "jacov": 0.010431029327915807,
        "zen": 0.3037430608590366,
        "nwot": 0.10792947967239992
    }
}