{"zero_cost_scores": {"plain": 0.04179205345387397, "params": 0.02352603643678573, "flops": -0.034157491058164964, "synflow": -0.08387100887653884, "grad_sign": 0.4112070284690327, "snip": 0.11238268897504752, "grad_norm": 0.012993471386574394, "epe_nas": -0.05497041722033584, "grasp": 0.009703662144438777, "fisher": 0.1278690196904495, "l2_norm": -0.027357696624038627, "jacov": 0.08169055391372804, "zen": -0.04884984188613003, "nwot": 0.08607696623657553}, "zero_cost_scores_0": {"plain": 0.00026777517087150373, "params": 0.02352603643678573, "flops": -0.034157491058164964, "synflow": -0.08012215648433778, "grad_sign": 0.333309956142651, "snip": 0.17480618178464022, "grad_norm": 0.05166148118028082, "epe_nas": 0.13732403346193614, "grasp": 0.041715546262196396, "fisher": 0.014893399979900778, "l2_norm": -0.0027223809038602878, "jacov": 0.046121085382963285, "zen": -0.05400770172505971, "nwot": -0.02257599714419035}, "zero_cost_scores_1": {"plain": -0.07166173620465957, "params": 0.02352603643678573, "flops": -0.034157491058164964, "synflow": -0.08943690707108223, "grad_sign": 0.3078585637112452, "snip": -0.12332959298424685, "grad_norm": 0.09224854636523303, "epe_nas": -0.04395338161876539, "grasp": 0.09824798531261601, "fisher": -0.10411353667456325, "l2_norm": 0.009238243395066879, "jacov": 0.0028435172906831107, "zen": -0.07836249107575362, "nwot": -0.05104942364686024}, "zero_cost_scores_2": {"plain": -0.12370575334332824, "params": 0.02352603643678573, "flops": -0.034157491058164964, "synflow": -0.07447337549881036, "grad_sign": 0.2815464653734667, "snip": 0.04197694583376144, "grad_norm": -0.0008734571049856192, "epe_nas": -0.062104712844269466, "grasp": 0.09683897786588737, "fisher": -0.05687034581366222, "l2_norm": 0.02594868917731, "jacov": -0.010277466082020572, "zen": -0.028632816485331503, "nwot": -0.03518055697307042}, "zero_cost_scores_3": {"plain": 0.07583775375039373, "params": 0.02352603643678573, "flops": -0.034157491058164964, "synflow": -0.07692160563249267, "grad_sign": 0.23155539121147958, "snip": 0.1655041823965087, "grad_norm": 0.037373763134494156, "epe_nas": -0.1457079465499368, "grasp": 0.049296133837582544, "fisher": 0.02731306742889338, "l2_norm": 0.03546108334255485, "jacov": -0.041218249516292174, "zen": -0.024418545343758556, "nwot": 0.0814801591366147}, "zero_cost_scores_4": {"plain": 0.029155615628461584, "params": 0.02352603643678573, "flops": -0.034157491058164964, "synflow": -0.044973477507799696, "grad_sign": 0.24758364786793105, "snip": -0.07160435581090138, "grad_norm": -0.0705460063260283, "epe_nas": 0.07075640110314163, "grasp": 0.17811511782469522, "fisher": -0.0650884933196948, "l2_norm": 0.036022136081523715, "jacov": -0.0033471896358937964, "zen": -0.03926731612851408, "nwot": 0.019082168724247874}, "zero_cost_scores_5": {"plain": 0.0702591043572374, "params": 0.02352603643678573, "flops": -0.034157491058164964, "synflow": -0.04550265225023623, "grad_sign": 0.2743675405543879, "snip": 0.10696980516385926, "grad_norm": 0.14035244313250672, "epe_nas": 0.062359736816528046, "grasp": -0.03471513822369852, "fisher": 0.03500204019248941, "l2_norm": 0.03965622768620841, "jacov": 0.11158573906173948, "zen": -0.07356804039729241, "nwot": -0.03229878608654852}, "zero_cost_scores_6": {"plain": -0.021874681220479267, "params": 0.02352603643678573, "flops": -0.034157491058164964, "synflow": -0.0495001530153894, "grad_sign": 0.24143119453719292, "snip": 0.12361649495303774, "grad_norm": 0.10051769866571732, "epe_nas": -0.0872054473138197, "grasp": -0.01913954911800605, "fisher": 0.0672370702859733, "l2_norm": 0.045202999082832415, "jacov": 0.10589870448037324, "zen": -0.021090482505784148, "nwot": 0.13469728654767282}, "zero_cost_scores_7": {"plain": 0.061435274917090714, "params": 0.02352603643678573, "flops": -0.034157491058164964, "synflow": -0.06398551463967646, "grad_sign": 0.23131311843783395, "snip": 0.09085866571642379, "grad_norm": 0.03173135774827319, "epe_nas": -0.07428210751961642, "grasp": 0.04636973375591539, "fisher": 0.09380419259601033, "l2_norm": 0.04665026012539983, "jacov": -0.008779200245001444, "zen": -0.061607416098365245, "nwot": -0.06867795572923424}, "zero_cost_scores_8": {"plain": -0.01236228705523442, "params": 0.02352603643678573, "flops": -0.034157491058164964, "synflow": -0.05834310925345549, "grad_sign": 0.2532069264562326, "snip": -0.09851576048348751, "grad_norm": 0.06438080179667724, "epe_nas": -0.04523487707936473, "grasp": 0.042627256963020804, "fisher": -0.010806640824457113, "l2_norm": 0.05093466285934388, "jacov": 0.10990895644413934, "zen": -0.0738039375716316, "nwot": -0.14010379475955462}, "zero_cost_scores_9": {"plain": -0.06448918698488715, "params": 0.02352603643678573, "flops": -0.034157491058164964, "synflow": -0.06603845761635799, "grad_sign": 0.24375828828405244, "snip": 0.08838493318551562, "grad_norm": 0.14493649903385464, "epe_nas": -0.14941216974699262, "grasp": -0.038738141386077535, "fisher": 0.17318677956079828, "l2_norm": 0.051068550444779634, "jacov": -0.07900005100640005, "zen": -0.07071814750730283, "nwot": -0.2132637968012333}}