{"zero_cost_scores": {"plain": 0.22959609946736587, "params": 0.30239131171978234, "flops": 0.37902586537646576, "synflow": 0.38047053448081813, "grad_sign": -0.30697418970255186, "snip": 0.28679055862775643, "grad_norm": 0.14082959176462823, "epe_nas": 0.07408725060967195, "grasp": -0.15706532705895054, "fisher": 0.23692822356542836, "l2_norm": 0.3779023454487447, "jacov": 0.06124074659858596, "zen": 0.3733896704352443, "nwot": 0.13616071304593022}, "zero_cost_scores_0": {"plain": 0.01809127966424897, "params": 0.30239131171978234, "flops": 0.37902586537646576, "synflow": 0.35342561396384037, "grad_sign": -0.3889427788613011, "snip": 0.056068791889838925, "grad_norm": 0.12777351908144446, "epe_nas": -0.036375451448439386, "grasp": -0.10870165815040382, "fisher": 0.220624670292337, "l2_norm": 0.37933097008346955, "jacov": 0.10145791977876983, "zen": 0.37806410800466106, "nwot": 0.061377494326267795}, "zero_cost_scores_1": {"plain": 0.12462443014925918, "params": 0.30239131171978234, "flops": 0.37902586537646576, "synflow": 0.35743743652757937, "grad_sign": -0.42101456808326587, "snip": 0.08182016784455803, "grad_norm": 0.14235994336750663, "epe_nas": -0.023058668666545133, "grasp": -0.06679014727113775, "fisher": 0.2017484809065972, "l2_norm": 0.3717970597043156, "jacov": 0.07328677610616854, "zen": 0.3770523971738442, "nwot": 0.17006303180958718}, "zero_cost_scores_2": {"plain": -0.014635898057459242, "params": 0.30239131171978234, "flops": 0.37902586537646576, "synflow": 0.35332611053597435, "grad_sign": -0.404600393680871, "snip": 0.19438800666986897, "grad_norm": 0.27228807298754776, "epe_nas": -0.03128965892583333, "grasp": -0.1836705424840733, "fisher": 0.2613888343832482, "l2_norm": 0.3672988377026839, "jacov": 0.14789044394761458, "zen": 0.3746932209287966, "nwot": 0.10713628578799717}, "zero_cost_scores_3": {"plain": 0.09754282121753752, "params": 0.30239131171978234, "flops": 0.37902586537646576, "synflow": 0.3587243104689755, "grad_sign": -0.4289292597366559, "snip": 0.09932332110276074, "grad_norm": 0.169927951737121, "epe_nas": 0.13142568400367877, "grasp": -0.1578374514237882, "fisher": 0.18701474707648755, "l2_norm": 0.3573479390310071, "jacov": 0.1061701575330743, "zen": 0.37772001514516895, "nwot": 0.005321487793082051}, "zero_cost_scores_4": {"plain": -0.0681470627315904, "params": 0.30239131171978234, "flops": 0.37902586537646576, "synflow": 0.36472508981989166, "grad_sign": -0.40106941170430593, "snip": 0.07531909192895221, "grad_norm": 0.07334569992378755, "epe_nas": 0.10965889224417666, "grasp": -0.12360716046772359, "fisher": 0.11550068846453593, "l2_norm": 0.35433226251607236, "jacov": 0.08034095766829236, "zen": 0.3791864399647814, "nwot": 0.07445135533175162}, "zero_cost_scores_5": {"plain": 0.09036467728438506, "params": 0.30239131171978234, "flops": 0.37902586537646576, "synflow": 0.3666078725583403, "grad_sign": -0.41978105910877006, "snip": 0.14861754162163016, "grad_norm": 0.10173641819978041, "epe_nas": -0.008248222696516398, "grasp": -0.1792834974968171, "fisher": 0.14115645218689213, "l2_norm": 0.3506617533864661, "jacov": 0.03853617672282671, "zen": 0.3599872813522808, "nwot": 0.007214276462824491}, "zero_cost_scores_6": {"plain": 0.12422196935721998, "params": 0.30239131171978234, "flops": 0.37902586537646576, "synflow": 0.3662593326182732, "grad_sign": -0.42552057247590386, "snip": 0.11071062680016865, "grad_norm": 0.0717130654676837, "epe_nas": 0.08512935167744401, "grasp": -0.14674142950404404, "fisher": 0.09231638977174651, "l2_norm": 0.3461440754073188, "jacov": 0.11505042155631526, "zen": 0.3865274582239939, "nwot": 0.03517751911854365}, "zero_cost_scores_7": {"plain": 0.025877005980963395, "params": 0.30239131171978234, "flops": 0.37902586537646576, "synflow": 0.3714651963164048, "grad_sign": -0.4049367041493568, "snip": 0.07678996382913973, "grad_norm": 0.164737652821002, "epe_nas": 0.10664432749938568, "grasp": -0.14860253272468948, "fisher": 0.169692256466645, "l2_norm": 0.34391442038401865, "jacov": -0.1199105247397391, "zen": 0.38040883123783975, "nwot": 0.11373130628075026}, "zero_cost_scores_8": {"plain": 0.10199268121791588, "params": 0.30239131171978234, "flops": 0.37902586537646576, "synflow": 0.3642559228192272, "grad_sign": -0.4163067774095365, "snip": 0.11705939020608006, "grad_norm": 0.09944283639321437, "epe_nas": 0.09630931224304165, "grasp": -0.165712119352003, "fisher": 0.12107176865489092, "l2_norm": 0.3420827790721827, "jacov": 0.020837907804395046, "zen": 0.3836529765173161, "nwot": 0.08444950423453798}, "zero_cost_scores_9": {"plain": 0.00939668125501504, "params": 0.30239131171978234, "flops": 0.37902586537646576, "synflow": 0.36360053431948375, "grad_sign": -0.4251464618225304, "snip": 0.1550180023392262, "grad_norm": 0.11604045286932883, "epe_nas": 0.13424068600766578, "grasp": -0.13710015881740298, "fisher": 0.08366959747869404, "l2_norm": 0.3404184591669819, "jacov": 0.0705957364732102, "zen": 0.3890695206576892, "nwot": 0.12948397744761114}}