{
    "zero_cost_scores": {
        "plain": 0.2287667867328742,
        "params": 0.2992791177216602,
        "flops": 0.376402346966374,
        "synflow": 0.37632549916261376,
        "grad_sign": -0.3060608819280842,
        "snip": 0.28537826905485075,
        "grad_norm": 0.14031864626989365,
        "epe_nas": 0.07054211105947132,
        "grasp": -0.158952959862183,
        "fisher": 0.23535205521094038,
        "l2_norm": 0.3750263235276588,
        "jacov": 0.06259514857482298,
        "zen": 0.37045315948380525,
        "nwot": 0.1365812541414775
    },
    "zero_cost_scores_0": {
        "plain": 0.01489692146387324,
        "params": 0.2992791177216602,
        "flops": 0.376402346966374,
        "synflow": 0.3494859234976373,
        "grad_sign": -0.38594236025783096,
        "snip": 0.05594900694543557,
        "grad_norm": 0.1298396897343433,
        "epe_nas": -0.03533604173182183,
        "grasp": -0.10952121895549982,
        "fisher": 0.22126403373084025,
        "l2_norm": 0.37614397652218734,
        "jacov": 0.1006150930324656,
        "zen": 0.37400080287026505,
        "nwot": 0.06121371192456909
    },
    "zero_cost_scores_1": {
        "plain": 0.1262333668236368,
        "params": 0.2992791177216602,
        "flops": 0.376402346966374,
        "synflow": 0.3531339253227619,
        "grad_sign": -0.4192432644711565,
        "snip": 0.08027907323702503,
        "grad_norm": 0.13868658772636225,
        "epe_nas": -0.023319901023718222,
        "grasp": -0.066078079962581,
        "fisher": 0.19918024156368108,
        "l2_norm": 0.36800232963466484,
        "jacov": 0.07343879561153208,
        "zen": 0.3739240259226527,
        "nwot": 0.16947140168507688
    },
    "zero_cost_scores_2": {
        "plain": -0.01259854869642026,
        "params": 0.2992791177216602,
        "flops": 0.376402346966374,
        "synflow": 0.34883002900232024,
        "grad_sign": -0.4005782400998222,
        "snip": 0.19143728639697416,
        "grad_norm": 0.27129298960859394,
        "epe_nas": -0.03200008335806462,
        "grasp": -0.18497157059447583,
        "fisher": 0.2617677124437428,
        "l2_norm": 0.3632004799682801,
        "jacov": 0.14825628583947473,
        "zen": 0.36943257448732947,
        "nwot": 0.10651649827001308
    },
    "zero_cost_scores_3": {
        "plain": 0.09789993112083122,
        "params": 0.2992791177216602,
        "flops": 0.376402346966374,
        "synflow": 0.3544621665164558,
        "grad_sign": -0.4272368415311409,
        "snip": 0.097442559875769,
        "grad_norm": 0.1687436659030654,
        "epe_nas": 0.12892439883745016,
        "grasp": -0.15793402008601323,
        "fisher": 0.18662666222229093,
        "l2_norm": 0.3531942500673145,
        "jacov": 0.10671611833380523,
        "zen": 0.37461337323085797,
        "nwot": 0.003743424602871401
    },
    "zero_cost_scores_4": {
        "plain": -0.06992405663119179,
        "params": 0.2992791177216602,
        "flops": 0.376402346966374,
        "synflow": 0.36021659874000245,
        "grad_sign": -0.39840435566885496,
        "snip": 0.07474181009386763,
        "grad_norm": 0.07125174941811702,
        "epe_nas": 0.10759740801104145,
        "grasp": -0.12321438756216492,
        "fisher": 0.11407847920306227,
        "l2_norm": 0.3498868088455276,
        "jacov": 0.08283903603312873,
        "zen": 0.3756569913116175,
        "nwot": 0.07173544418807491
    },
    "zero_cost_scores_5": {
        "plain": 0.0899787437543099,
        "params": 0.2992791177216602,
        "flops": 0.376402346966374,
        "synflow": 0.3618305598601681,
        "grad_sign": -0.4178788284307311,
        "snip": 0.14564367599357972,
        "grad_norm": 0.10244293279240853,
        "epe_nas": -0.009292204288170675,
        "grasp": -0.1801724629619344,
        "fisher": 0.14024077250874395,
        "l2_norm": 0.346079220650723,
        "jacov": 0.03719130183019775,
        "zen": 0.3556752422887311,
        "nwot": 0.006900053963276877
    },
    "zero_cost_scores_6": {
        "plain": 0.1215922003404694,
        "params": 0.2992791177216602,
        "flops": 0.376402346966374,
        "synflow": 0.3615426463066217,
        "grad_sign": -0.4238443972602117,
        "snip": 0.10866076873547267,
        "grad_norm": 0.07205681055450952,
        "epe_nas": 0.08141098480753875,
        "grasp": -0.1476135531066055,
        "fisher": 0.09236650682505441,
        "l2_norm": 0.34160586663876547,
        "jacov": 0.11850796067352701,
        "zen": 0.3826683718489323,
        "nwot": 0.033021216761309063
    },
    "zero_cost_scores_7": {
        "plain": 0.022387061110228,
        "params": 0.2992791177216602,
        "flops": 0.376402346966374,
        "synflow": 0.36652217976605217,
        "grad_sign": -0.4038171304755266,
        "snip": 0.07476319795784536,
        "grad_norm": 0.16082796260423068,
        "epe_nas": 0.10918614241984871,
        "grasp": -0.14526746895027914,
        "fisher": 0.16716589962963133,
        "l2_norm": 0.33939633576783534,
        "jacov": -0.12049648361668724,
        "zen": 0.3772561454490293,
        "nwot": 0.11652108295067276
    },
    "zero_cost_scores_8": {
        "plain": 0.10370481676709459,
        "params": 0.2992791177216602,
        "flops": 0.376402346966374,
        "synflow": 0.3594186668916025,
        "grad_sign": -0.4129184892082037,
        "snip": 0.11596774052109508,
        "grad_norm": 0.10002281372231307,
        "epe_nas": 0.09581653380669286,
        "grasp": -0.1647150697804909,
        "fisher": 0.11986800945980318,
        "l2_norm": 0.3374324911292648,
        "jacov": 0.020419926031045508,
        "zen": 0.37826905275074385,
        "nwot": 0.08446506210220484
    },
    "zero_cost_scores_9": {
        "plain": 0.006583074850991548,
        "params": 0.2992791177216602,
        "flops": 0.376402346966374,
        "synflow": 0.3588499690725024,
        "grad_sign": -0.42253315667634633,
        "snip": 0.15345518200636907,
        "grad_norm": 0.1166718948120542,
        "epe_nas": 0.13256362615427622,
        "grasp": -0.13756893473183365,
        "fisher": 0.08448151430526464,
        "l2_norm": 0.3357280428922703,
        "jacov": 0.06947052423351018,
        "zen": 0.3846865087576002,
        "nwot": 0.12660573501955677
    }
}