{
    "synflow": -0.07037390956725012,
    "flops": 0.0362666748879844,
    "fisher": 0.011235781882287632,
    "snip": -0.12044943128954438,
    "nwot": -0.08483092384103037,
    "grad_norm": -0.0002697214548184842,
    "jacov": 0.09243703955969833,
    "l2_norm": 0.12621374188484694,
    "grasp": -0.049967633556072026,
    "epe_nas": 0.033010948253615245,
    "zen": -0.007613822016255268,
    "plain": -0.0022733577882543565,
    "params": -0.11725878546398981
}