{
    "synflow": 0.05043634844104134,
    "flops": 0.11733417616786679,
    "fisher": 0.13111870300112077,
    "snip": -0.12210270667689768,
    "nwot": -0.09388197279489681,
    "grad_norm": -0.004898923318295882,
    "jacov": 0.21896228711392718,
    "l2_norm": 0.03620953874308601,
    "grasp": -0.049967633556072026,
    "epe_nas": 0.12429871228407001,
    "zen": 0.14529560866038116,
    "plain": -0.00039923230955969403,
    "params": -0.028768077519456012
}