{
    "plain": 0.04493491786785707,
    "params": 0.17568562529997236,
    "flops": 0.29535492074671693,
    "synflow": 0.29156744006472884,
    "snip": 0.12160884296866187,
    "grad_norm": 0.01505777105581388,
    "epe_nas": NaN,
    "grasp": NaN,
    "fisher": 0.03164214907974533,
    "l2_norm": 0.28805293403119814,
    "jacov": -0.13815435612819715,
    "zen": 0.3179133522295752,
    "nwot": -0.002155340393730465
}