{"zero_cost_scores": {"plain": 0.06139956880665989, "params": 0.17397311663205248, "flops": 0.2348219918101208, "synflow": 0.2888356439060128, "grad_sign": 0.019580739841471854, "snip": 0.1733294607133895, "grad_norm": 0.1298313009872027, "epe_nas": 0.011252722114020243, "grasp": -0.05313901500362371, "fisher": 0.10887197882924961, "l2_norm": 0.22777545250136397, "jacov": 0.028290801344753983, "zen": 0.2573112367539788, "nwot": 0.08093449048479325}, "zero_cost_scores_0": {"plain": -0.02573074077204309, "params": 0.17397311663205248, "flops": 0.2348219918101208, "synflow": 0.25676027268863705, "grad_sign": -0.0425057627932512, "snip": 0.026116665677116034, "grad_norm": 0.08852160324464936, "epe_nas": 0.02401502116841559, "grasp": 0.006762177436984873, "fisher": 0.12199043009929443, "l2_norm": 0.22671590421818008, "jacov": 0.015779238868128084, "zen": 0.259977728830613, "nwot": -0.023397088087756472}, "zero_cost_scores_1": {"plain": 0.04616222935302544, "params": 0.17397311663205248, "flops": 0.2348219918101208, "synflow": 0.26425569702612167, "grad_sign": -0.07796107662383973, "snip": -0.07744993971696565, "grad_norm": 0.004324046837319772, "epe_nas": -0.004368145842738812, "grasp": 0.05750325366927283, "fisher": 0.05041498323238189, "l2_norm": 0.22221504459362793, "jacov": 0.058365124839565324, "zen": 0.26121552253262886, "nwot": 0.02220521674046821}, "zero_cost_scores_2": {"plain": 0.014651888038514341, "params": 0.17397311663205248, "flops": 0.2348219918101208, "synflow": 0.2573781276257544, "grad_sign": -0.11752142699194691, "snip": 0.0763579618639373, "grad_norm": 0.1348647088490805, "epe_nas": 0.014361115919499132, "grasp": -0.05824504426367533, "fisher": 0.10204713027174601, "l2_norm": 0.2184878320806829, "jacov": 0.013909680678555606, "zen": 0.2592140059488137, "nwot": 0.13484660559523154}, "zero_cost_scores_3": {"plain": 0.013578899066141908, "params": 0.17397311663205248, "flops": 0.2348219918101208, "synflow": 0.25309179807127385, "grad_sign": -0.1231142905173747, "snip": 0.023149320964575188, "grad_norm": 0.04535143801121891, "epe_nas": 0.016278003047551462, "grasp": -0.00818717701729169, "fisher": 0.0024842092414762537, "l2_norm": 0.2159047712588373, "jacov": 0.01863752124417187, "zen": 0.2606894862571194, "nwot": 0.030625053129527686}, "zero_cost_scores_4": {"plain": 0.006333351727467057, "params": 0.17397311663205248, "flops": 0.2348219918101208, "synflow": 0.2502937904138004, "grad_sign": -0.13849906078652705, "snip": -0.03816772826195032, "grad_norm": 0.009906986132939733, "epe_nas": 0.0759783926335969, "grasp": 0.01602242157019079, "fisher": 0.006363072321196014, "l2_norm": 0.2142547703738585, "jacov": 0.03136358774302211, "zen": 0.25399491931571383, "nwot": 0.0922894503993272}, "zero_cost_scores_5": {"plain": 0.010906025266927846, "params": 0.17397311663205248, "flops": 0.2348219918101208, "synflow": 0.25040798417620863, "grad_sign": -0.16559114020016216, "snip": -0.001412704996397905, "grad_norm": 0.035523715477505484, "epe_nas": -0.03700682780505972, "grasp": -0.0520662344140294, "fisher": 0.05053834583702723, "l2_norm": 0.21210399962521695, "jacov": -0.04479870269226318, "zen": 0.2500157035964031, "nwot": -0.009666043545741788}, "zero_cost_scores_6": {"plain": 0.013195266371628248, "params": 0.17397311663205248, "flops": 0.2348219918101208, "synflow": 0.24888423720692152, "grad_sign": -0.15720151931392967, "snip": -0.02973666525071978, "grad_norm": -0.013184196036540773, "epe_nas": -0.015258750784085989, "grasp": -0.017245732669127475, "fisher": 0.012134754318095577, "l2_norm": 0.21148044020954868, "jacov": 0.07732079449022754, "zen": 0.25605167038644056, "nwot": 0.08945940388971829}, "zero_cost_scores_7": {"plain": 0.017532701802442048, "params": 0.17397311663205248, "flops": 0.2348219918101208, "synflow": 0.24838763499882113, "grad_sign": -0.14017823526044224, "snip": -0.01171124236941975, "grad_norm": 0.004642038956726532, "epe_nas": 0.010718350527386093, "grasp": -0.008394179259503805, "fisher": 0.03056865954019974, "l2_norm": 0.2101676026595634, "jacov": -0.05054488384669066, "zen": 0.2569827473521244, "nwot": 0.009828035107880601}, "zero_cost_scores_8": {"plain": 0.057832628697934235, "params": 0.17397311663205248, "flops": 0.2348219918101208, "synflow": 0.24774456574555165, "grad_sign": -0.09450958656523452, "snip": -0.0117556279011587, "grad_norm": 0.009805113002287714, "epe_nas": 0.09108598776000619, "grasp": -0.028471964122479574, "fisher": -0.004387499393256442, "l2_norm": 0.20954151660271045, "jacov": -0.01683105094067436, "zen": 0.24976119008078027, "nwot": 0.06563028620723045}, "zero_cost_scores_9": {"plain": -0.01901245395769914, "params": 0.17397311663205248, "flops": 0.2348219918101208, "synflow": 0.24750958811537727, "grad_sign": -0.11548328713487767, "snip": 0.08394705426018552, "grad_norm": 0.04276738737117727, "epe_nas": 0.014355463536642705, "grasp": -0.019774874447135236, "fisher": 0.0034681927197454023, "l2_norm": 0.20955256088995067, "jacov": -0.042661815446213676, "zen": 0.2566705899505049, "nwot": 0.03201600817345961}}